entry_time,exit_time,direction,entry_price,exit_price,stop_loss,take_profit,position_size,pnl,pnl_percent,exit_reason
2026-06-23 20:00:00+00:00,,SHORT,62388.49,62951.83795308538,62951.83795308538,61261.79409382924,0.17751018611555003,-99.99999999999997,-0.9999999999999997,STOP_LOSS
2026-06-24 05:00:00+00:00,,SHORT,62744.41,61698.01717777997,63267.60641111002,61698.01717777997,0.1892214814508395,197.99999999999974,1.9999999999999973,TAKE_PROFIT
2026-06-24 14:00:00+00:00,,SHORT,61338.0,60030.311396667305,61991.844301666344,60030.311396667305,0.1544404374904679,201.96000000000043,2.000000000000004,TAKE_PROFIT
2026-06-24 17:00:00+00:00,,SHORT,59850.0,60664.014918280234,60664.014918280234,58221.97016343953,0.12653281615232162,-102.99959999999999,-0.9999999999999999,STOP_LOSS
2026-06-24 21:00:00+00:00,,SHORT,60956.0,61843.791845741405,61843.791845741405,59180.41630851719,0.11485755865987271,-101.96960400000012,-1.000000000000001,STOP_LOSS
2026-06-25 13:00:00+00:00,,SHORT,61244.01,59287.837288539165,62222.09635573042,59287.837288539165,0.10321165137265659,201.8998159200002,2.0000000000000018,TAKE_PROFIT
2026-06-25 15:00:00+00:00,,SHORT,59471.49,60616.933541420614,60616.933541420614,57180.602917158765,0.08989435305689071,-102.96890611920011,-1.0000000000000009,STOP_LOSS
2026-06-26 13:00:00+00:00,,SHORT,59185.02,60296.09893356147,60296.09893356147,56962.86213287705,0.09174795235406916,-101.93921705800821,-1.000000000000002,STOP_LOSS
2026-06-27 18:00:00+00:00,,LONG,60524.89,60023.44707489359,60023.44707489359,61527.77585021281,0.20125884688873202,-100.9198248874282,-1.0000000000000029,STOP_LOSS
2026-06-27 23:00:00+00:00,,SHORT,60228.96,59209.44948884195,60738.71525557902,59209.44948884195,0.19599724680634567,199.8212532771077,2.000000000000004,TAKE_PROFIT
2026-06-28 23:00:00+00:00,,SHORT,59067.0,59664.1927733405,59664.1927733405,57872.614453318994,0.17064647082261225,-101.908839171325,-1.0000000000000027,STOP_LOSS
2026-06-29 01:00:00+00:00,,SHORT,59667.0,60304.17542701298,60304.17542701298,58392.649145974035,0.15833904840394256,-100.88975077961136,-0.9999999999999988,STOP_LOSS
2026-06-29 09:00:00+00:00,,SHORT,59840.01,60480.4932567221,60480.4932567221,58559.043486555805,0.15594608012548455,-99.88085327181507,-0.9999999999999971,STOP_LOSS
2026-06-29 14:00:00+00:00,,SHORT,59580.0,60363.33244429054,60363.33244429054,58013.33511141891,0.12623254080667334,-98.88204473909717,-0.9999999999999997,STOP_LOSS
2026-06-30 04:00:00+00:00,,SHORT,59627.47,58351.95236458938,60265.22881770531,58351.95236458938,0.15349568139870054,195.78644858341278,2.000000000000003,TAKE_PROFIT
2026-06-30 14:00:00+00:00,,SHORT,58737.17,59374.508861270355,59374.508861270355,57462.49227745929,0.15666875950183792,-99.85108877754074,-1.0000000000000038,STOP_LOSS
2026-07-01 13:00:00+00:00,,SHORT,58538.0,59183.07869952299,59183.07869952299,57247.84260095403,0.1532411130035189,-98.85257788976497,-1.0000000000000004,STOP_LOSS
2026-07-01 22:00:00+00:00,,LONG,60815.99,60049.94849154656,60049.94849154656,62348.073016906885,0.1277529364021599,-97.86405211086692,-0.9999999999999962,STOP_LOSS
2026-07-02 10:00:00+00:00,,LONG,61184.0,62689.157012142474,60431.42149392876,62689.157012142474,0.12873794668351576,193.7708231795177,2.0000000000000044,TAKE_PROFIT
2026-07-03 21:00:00+00:00,,LONG,62776.91,63092.01,62235.010572107436,63860.708855785146,0.1823643184232059,57.46299673515192,0.5814732103065924,TIME_EXIT
2026-07-05 22:00:00+00:00,,LONG,63092.0,62632.781864260905,62632.781864260905,64010.43627147819,0.21644996582926335,-99.39774978890505,-0.9999999999999972,STOP_LOSS
2026-07-06 15:00:00+00:00,,SHORT,62052.0,62786.35512457566,62786.35512457566,60583.289750848686,0.13400025273586555,-98.40377229101657,-1.0000000000000029,STOP_LOSS
2026-07-06 17:00:00+00:00,,LONG,63732.0,63007.85040278936,63007.85040278936,65180.29919442129,0.13452984706938692,-97.41973456810584,-0.9999999999999972,STOP_LOSS
2026-07-07 13:00:00+00:00,,LONG,63481.39,62882.84338937428,62882.84338937428,64678.483221251445,0.16113287672216667,-96.44553722242527,-1.0000000000000022,STOP_LOSS
2026-07-07 15:00:00+00:00,,LONG,63562.05,62872.102794919665,62872.102794919665,64941.944410160686,0.13838896823863855,-95.48108185020033,-0.9999999999999951,STOP_LOSS
2026-07-08 09:00:00+00:00,,SHORT,62018.36,62722.60916707163,62722.60916707163,60609.861665856755,0.13422276582129802,-94.52627103169908,-1.000000000000003,STOP_LOSS
2026-07-09 07:00:00+00:00,,LONG,62959.96,64186.00749008348,62346.93625495826,64186.00749008348,0.1526547855254938,187.16201664276386,2.0000000000000027,TAKE_PROFIT
2026-07-10 06:00:00+00:00,,LONG,64116.0,63762.46,63561.13625315805,65225.7274936839,0.17202895130756976,-60.81911544527836,-0.6371654338784999,TIME_EXIT
2026-07-12 15:00:00+00:00,,LONG,64203.08,63887.43761134564,63887.43761134564,64834.364777308736,0.3004806728833017,-94.84443733335577,-0.9999999999999907,STOP_LOSS
2026-07-13 01:00:00+00:00,,LONG,64072.0,63654.89758750461,63654.89758750461,64906.20482499078,0.2251149601323889,-93.8959929600232,-1.0000000000000009,STOP_LOSS
2026-07-13 03:00:00+00:00,,SHORT,63376.0,62458.53390090081,63834.7330495496,62458.53390090081,0.2026386220083597,185.91406606084516,1.9999999999999933,TAKE_PROFIT
2026-07-13 14:00:00+00:00,,SHORT,62318.01,62842.370031552775,62842.370031552775,61269.289936894456,0.18082265616289395,-94.81617369103127,-0.9999999999999993,STOP_LOSS
2026-07-13 16:00:00+00:00,,SHORT,62618.0,63157.05137924704,63157.05137924704,61539.89724150593,0.17413555658690494,-93.86801195412164,-1.0000000000000069,STOP_LOSS
2026-07-14 16:00:00+00:00,,LONG,64744.0,64129.680021147484,64129.680021147484,65972.63995770503,0.1512718697642908,-92.92933183457971,-0.9999999999999991,STOP_LOSS
2026-07-16 15:00:00+00:00,,LONG,64543.51,63993.108233559324,63993.108233559324,65644.31353288137,0.16715069631984744,-92.00003851623342,-0.9999999999999936,STOP_LOSS
2026-07-17 06:00:00+00:00,,SHORT,62839.77,63355.10249286357,63355.10249286357,61809.105014272856,0.1767403363699484,-91.08003813107143,-0.9999999999999974,STOP_LOSS
2026-07-17 17:00:00+00:00,,LONG,63594.0,64740.74372583596,63020.62813708202,64740.74372583596,0.15726135790981421,180.33847549952227,2.000000000000004,TAKE_PROFIT
2026-07-18 22:00:00+00:00,,LONG,64731.73,64455.19448779493,64455.19448779493,65284.80102441016,0.33258883017002744,-91.97262250475526,-0.99999999999999,STOP_LOSS
2026-07-19 23:00:00+00:00,,LONG,64674.66,64364.14696015794,64364.14696015794,65295.68607968414,0.2932337280457503,-91.05289627970764,-0.9999999999999892,STOP_LOSS
2026-07-20 12:00:00+00:00,,LONG,65002.0,64413.330457490614,64413.330457490614,66179.33908501877,0.1531289812152534,-90.14236731691155,-1.0,STOP_LOSS
2026-07-20 16:00:00+00:00,,LONG,65598.75,66229.01,64908.91251877836,66978.42496244329,0.12936517088880795,81.53369260437943,0.9136354824963414,TIME_EXIT
2026-07-23 00:00:00+00:00,,LONG,66114.5,65667.72247070062,65667.72247070062,67008.05505859874,0.2015685093003923,-90.05628056978749,-1.000000000000014,STOP_LOSS
2026-07-23 09:00:00+00:00,,SHORT,65632.99,64810.13261460441,66044.4186926978,64810.13261460441,0.2166978612490081,178.31143552817662,1.9999999999999991,TAKE_PROFIT
2026-07-23 16:00:00+00:00,,SHORT,64958.37,65403.8066053089,65403.8066053089,64067.49678938221,0.20415662079749197,-90.9388321193704,-1.0000000000000033,STOP_LOSS
2026-07-24 07:00:00+00:00,,LONG,65472.0,65048.49206364622,65048.49206364622,66319.01587270756,0.21258029913982499,-90.02944379817666,-1.0000000000000029,STOP_LOSS
2026-07-24 14:00:00+00:00,,SHORT,64155.47,64660.22610171876,64660.22610171876,63145.95779656248,0.1765786467101598,-89.12914936019472,-1.000000000000001,STOP_LOSS
2026-07-26 17:00:00+00:00,,LONG,64734.17,65164.69905867501,64518.905470662496,65164.69905867501,0.40990430768205127,176.47571573318623,2.00000000000001,TAKE_PROFIT
2026-07-26 23:00:00+00:00,,LONG,65412.69,65132.57839999742,65132.57839999742,65972.91320000516,0.3213098458724858,-90.0026150239242,-0.9999999999999963,STOP_LOSS
2026-07-27 01:00:00+00:00,,LONG,65131.96,65232.0,64819.52476836512,65756.83046326975,0.2851873919834158,28.530146694021166,0.3201943630893421,END_OF_DATA
